{
  "run_id": "run_20260503_123555_dd5f34fa",
  "run_notes": "np_all_stloss_warmup500",
  "timestamp": "2026-05-03T16:14:54.178972",
  "data": {
    "n_samples_total": 149251,
    "n_train": 132327,
    "n_val": 16541,
    "n_test": 383,
    "split_seed": 42,
    "train_frac": 0.8,
    "val_frac": 0.1
  },
  "preprocessing": {
    "strip_punctuation": true,
    "extra_features": [],
    "max_length": 128
  },
  "model": {
    "base": "distilbert-base-uncased"
  },
  "training": {
    "batch_size": 16,
    "learning_rate": 2e-05,
    "num_epochs": 6,
    "warmup_steps": 500,
    "weight_decay": 0.01,
    "imbalance_strategy": "none",
    "boundary_loss_weight": 5.0,
    "boundary_task_weight": 1.0,
    "intonation_task_weight": 1.0,
    "break_idx_task_weight": 1.0,
    "best_epoch": 3
  },
  "results": {
    "best_val_boundary_f1": 0.8790625796584247,
    "test": {
      "boundary": {
        "f1": 0.815809172114377,
        "precision": 0.8587938642571968,
        "recall": 0.7769223457846213
      },
      "intonation": {
        "f1": 0.5665528648793604,
        "precision": 0.6053368561268279,
        "recall": 0.5543233537411557
      },
      "break_idx": {
        "f1": NaN,
        "precision": NaN,
        "recall": NaN
      }
    },
    "val_history": {
      "loss": [
        1.4972096580140135,
        1.483960902783119,
        1.4946074835105836,
        1.531357294182713,
        1.5808361064880452,
        1.6203967412966132
      ],
      "boundary_f1": [
        0.8752359786842545,
        0.876172896477465,
        0.8790625796584247,
        0.878748806112703,
        0.8781629392971246,
        0.8785118175447538
      ],
      "boundary_prec": [
        0.8886786043577425,
        0.9048980752186492,
        0.8926006211983952,
        0.8915213178294573,
        0.8941607026675341,
        0.8917485773409208
      ],
      "boundary_rec": [
        0.8621939736346516,
        0.8492153170119272,
        0.8659290646578782,
        0.8663370998116761,
        0.8627275580665411,
        0.8656622724419335
      ],
      "intonation_f1": [
        0.49470047696522307,
        0.5414181997063675,
        0.5388046980706552,
        0.5532986016052163,
        0.553875811422138,
        0.5587047173778759
      ],
      "break_idx_f1": [
        0.7106861540427051,
        0.7111278396105243,
        0.7097491744048778,
        0.7048942022562147,
        0.7005734151257339,
        0.6981887037895784
      ]
    },
    "train_history": {
      "loss": [
        1.567398287079352,
        1.4577426365159498,
        1.3818582487054436,
        1.2992726919325588,
        1.2252600555220448,
        1.1709493863627292
      ],
      "boundary_f1": [
        0.843994871917759,
        0.8752921887948011,
        0.88096847648189,
        0.8843467032077431,
        0.8862514549507783,
        0.8872333060142434
      ],
      "intonation_f1": [
        0.4813842611148231,
        0.5395828025723596,
        0.5772294651805228,
        0.6085250542523967,
        0.6350622635580914,
        0.6522225514509271
      ],
      "break_idx_f1": [
        0.6872756970365318,
        0.7220437844030368,
        0.748058899191268,
        0.7764603262305235,
        0.801172651745446,
        0.816983626655509
      ]
    }
  },
  "annotation_tool_meta": {}
}