{
  "run_id": "run_20260501_211442_cfd1bdd0",
  "run_notes": "no_punct_c100_lr3e5_warmup200",
  "timestamp": "2026-05-01T22:15:05.421452",
  "data": {
    "n_samples_total": 33142,
    "n_train": 26513,
    "n_val": 3314,
    "n_test": 3315,
    "split_seed": 42,
    "train_frac": 0.8,
    "val_frac": 0.1
  },
  "preprocessing": {
    "strip_punctuation": true,
    "extra_features": [],
    "max_length": 128
  },
  "model": {
    "base": "distilbert-base-uncased"
  },
  "training": {
    "batch_size": 16,
    "learning_rate": 3e-05,
    "num_epochs": 8,
    "warmup_steps": 200,
    "weight_decay": 0.01,
    "imbalance_strategy": "none",
    "boundary_loss_weight": 5.0,
    "boundary_task_weight": 1.0,
    "intonation_task_weight": 1.0,
    "break_idx_task_weight": 1.0,
    "best_epoch": 2
  },
  "results": {
    "best_val_boundary_f1": 0.8658636080049911,
    "test": {
      "boundary": {
        "f1": 0.8703766707168894,
        "precision": 0.866460228372363,
        "recall": 0.874328678839957
      },
      "intonation": {
        "f1": 0.3561276468787913,
        "precision": 0.38555539197720323,
        "recall": 0.3820922607413951
      },
      "break_idx": {
        "f1": 0.6804705088589387,
        "precision": 0.6864680566072916,
        "recall": 0.6832855817711216
      }
    },
    "val_history": {
      "loss": [
        1.5993178681685374,
        1.5588122205092356,
        1.6217962979124143,
        1.8069464827959354,
        2.0056151375174522,
        2.2792646231559606,
        2.470144966473946,
        2.6176180014243493
      ],
      "boundary_f1": [
        0.8632314582410552,
        0.8658636080049911,
        0.8637982481470786,
        0.8610064715541389,
        0.8619112495134293,
        0.8600029298305581,
        0.860706455542022,
        0.8594115354637568
      ],
      "boundary_prec": [
        0.8804336913964461,
        0.8608645863154881,
        0.8612284069097889,
        0.861422497100889,
        0.8688444182852658,
        0.8700721272601522,
        0.868791187174191,
        0.8673549655850541
      ],
      "boundary_rec": [
        0.8466885499131106,
        0.870921027225333,
        0.8663834717126858,
        0.8605908476539873,
        0.8550878547982236,
        0.8501641243483298,
        0.8527708051747441,
        0.8516122803630044
      ],
      "intonation_f1": [
        0.3140960285636841,
        0.35717698278582816,
        0.3802053243900841,
        0.39622098893160573,
        0.4075265327166718,
        0.40822932637582837,
        0.41751687198155923,
        0.4119973694571501
      ],
      "break_idx_f1": [
        0.6769159075943569,
        0.6908894504298742,
        0.6892650088625437,
        0.6796461878934452,
        0.6723252837502318,
        0.6702051158157208,
        0.6681884401576208,
        0.6688114851911497
      ]
    },
    "train_history": {
      "loss": [
        1.638823411612804,
        1.4853730163614483,
        1.3400545372965829,
        1.1493686034250892,
        0.9701092582290365,
        0.8167928171819312,
        0.704408998206815,
        0.628463318340022
      ],
      "boundary_f1": [
        0.8056727946856171,
        0.8737424671012176,
        0.8827026332061934,
        0.8873539892787942,
        0.8916101213561103,
        0.8945406173916758,
        0.896821766417214,
        0.8980316112981122
      ],
      "intonation_f1": [
        0.3251718370712571,
        0.3766595362634195,
        0.4324034663286518,
        0.5120709925022782,
        0.5970408997550477,
        0.66714702072351,
        0.7246730470490427,
        0.7597252468668003
      ],
      "break_idx_f1": [
        0.6651423967918828,
        0.7220298644584071,
        0.7775013804949783,
        0.8316945932097991,
        0.8742977608789133,
        0.9035364724820194,
        0.9233147255423864,
        0.9347186027794174
      ]
    }
  },
  "annotation_tool_meta": {}
}