{
  "run_id": "run_20260503_085646_8bd3deaa",
  "run_notes": "librisbc_weighted",
  "timestamp": "2026-05-03T12:35:51.666721",
  "data": {
    "n_samples_total": 149251,
    "n_train": 132327,
    "n_val": 16541,
    "n_test": 383,
    "split_seed": 42,
    "train_frac": 0.8,
    "val_frac": 0.1
  },
  "preprocessing": {
    "strip_punctuation": true,
    "extra_features": [],
    "max_length": 128
  },
  "model": {
    "base": "distilbert-base-uncased"
  },
  "training": {
    "batch_size": 16,
    "learning_rate": 2e-05,
    "num_epochs": 6,
    "warmup_steps": 0,
    "weight_decay": 0.01,
    "imbalance_strategy": "weighted_loss",
    "boundary_loss_weight": 4.0,
    "boundary_task_weight": 1.0,
    "intonation_task_weight": 1.0,
    "break_idx_task_weight": 1.0,
    "best_epoch": 5
  },
  "results": {
    "best_val_boundary_f1": 0.8623413829525559,
    "test": {
      "boundary": {
        "f1": 0.814901349948079,
        "precision": 0.7479151775077436,
        "recall": 0.8950670088394639
      },
      "intonation": {
        "f1": 0.5707788027798107,
        "precision": 0.6037890988293863,
        "recall": 0.5569426030423466
      },
      "break_idx": {
        "f1": NaN,
        "precision": NaN,
        "recall": NaN
      }
    },
    "val_history": {
      "loss": [
        1.5305807682716177,
        1.5147458340259308,
        1.5269511601449903,
        1.5653944170567238,
        1.6233859072570875,
        1.6499270022030725
      ],
      "boundary_f1": [
        0.8506722581924826,
        0.8556559182713215,
        0.8566814579805212,
        0.8604560711044527,
        0.8623413829525559,
        0.8617135914255339
      ],
      "boundary_prec": [
        0.7752885881775688,
        0.7839553749885694,
        0.7864011439516182,
        0.7951755904044303,
        0.7999221539204896,
        0.7991173827312846
      ],
      "boundary_rec": [
        0.9422944130571249,
        0.9417922159447584,
        0.9407564344005022,
        0.9374136848713119,
        0.9353264281230383,
        0.9349497802887633
      ],
      "intonation_f1": [
        0.49800273962212555,
        0.5354205581050148,
        0.5576053145564241,
        0.554665365124725,
        0.5544167074626735,
        0.5569741383442289
      ],
      "break_idx_f1": [
        0.7089627318007292,
        0.7138652536498615,
        0.7108358525767338,
        0.7037491110225462,
        0.698073195282571,
        0.6970002184366695
      ]
    },
    "train_history": {
      "loss": [
        1.591276298726921,
        1.4892166920331467,
        1.4101132800812273,
        1.3292343143381384,
        1.2544313196821146,
        1.2007085870419487
      ],
      "boundary_f1": [
        0.8317720662687493,
        0.8531530400788534,
        0.8611130928317202,
        0.8659958870618971,
        0.8691846924444201,
        0.8715212918924897
      ],
      "intonation_f1": [
        0.4836522984116014,
        0.5378895016302853,
        0.5744784247583639,
        0.6053715238802696,
        0.6292249960974744,
        0.6465775735149693
      ],
      "break_idx_f1": [
        0.6919722219620787,
        0.7214967862843567,
        0.7472603963970483,
        0.7750937678072733,
        0.7989655487943936,
        0.8153762260637698
      ]
    }
  },
  "annotation_tool_meta": {}
}