{
  "run_id": "run_20260419_213458_7c29ee72",
  "run_notes": "",
  "timestamp": "2026-04-19T22:53:26.692014",
  "data": {
    "labels_root": "/content/drive/MyDrive/Capstone/labels",
    "n_samples_total": 33142,
    "n_train": 26513,
    "n_val": 3314,
    "n_test": 3315,
    "split_seed": 42,
    "train_frac": 0.8,
    "val_frac": 0.1
  },
  "preprocessing": {
    "strip_punctuation": false,
    "extra_features": [],
    "max_length": 128
  },
  "model": {
    "base": "distilbert-base-uncased",
    "heads": {
      "boundary": {
        "num_classes": 2,
        "labels": [
          "non-boundary",
          "boundary"
        ]
      },
      "intonation": {
        "num_classes": 3,
        "labels": [
          "rising",
          "falling",
          "level"
        ],
        "note": "none(0) and unclear(4) masked to -100"
      },
      "break_idx": {
        "num_classes": 2,
        "labels": [
          "index-3",
          "index-4"
        ],
        "note": "unannotated ('') masked to -100"
      }
    }
  },
  "training": {
    "batch_size": 16,
    "learning_rate": 2e-05,
    "num_epochs": 10,
    "warmup_steps": 0,
    "weight_decay": 0.01,
    "imbalance_strategy": "none",
    "boundary_loss_weight": 5.0,
    "boundary_task_weight": 1.0,
    "intonation_task_weight": 1.0,
    "break_idx_task_weight": 1.0,
    "best_epoch": 3
  },
  "results": {
    "best_val_boundary_f1": 0.8727183271832718,
    "test": {
      "boundary": {
        "f1": 0.8709231073334651,
        "precision": 0.8733399405351834,
        "recall": 0.8685196136408437
      },
      "intonation": {
        "f1": 0.37341616658353655,
        "precision": 0.43249823183651714,
        "recall": 0.39413860386526683
      },
      "break_idx": {
        "f1": 0.6993641017057761,
        "precision": 0.6995467014908368,
        "recall": 0.6992754592876087
      }
    },
    "val_history": {
      "loss": [
        1.5567374905714622,
        1.569473376067785,
        1.6027866309651961,
        1.6876699414390783,
        1.8059391471055837,
        1.925966539635108,
        2.113249572423788,
        2.2716231179925113,
        2.398371130801164,
        2.4518457255684414
      ],
      "boundary_f1": [
        0.8721086405014177,
        0.872440632591344,
        0.8727183271832718,
        0.8701736972704714,
        0.868213228035538,
        0.8678875722260307,
        0.8681804777351814,
        0.8681324086370568,
        0.8685114316553822,
        0.8681269997538764
      ],
      "boundary_prec": [
        0.893942484193351,
        0.8911282155154953,
        0.8844236138811328,
        0.8897797625088806,
        0.8827662350697582,
        0.8752592592592593,
        0.8788934222310678,
        0.879509667131752,
        0.8776400594942985,
        0.8802156118985826
      ],
      "boundary_rec": [
        0.8513159172574536,
        0.8545207341944255,
        0.8613188307273963,
        0.8514130329222104,
        0.8541322715353986,
        0.8606390210740993,
        0.8577255511313975,
        0.8570457414781004,
        0.8595707487617753,
        0.8563659318248034
      ],
      "intonation_f1": [
        0.3389557887970209,
        0.3717961335796261,
        0.36675052332575714,
        0.37750261418002545,
        0.3939709302795283,
        0.38997666213896115,
        0.3944702434998583,
        0.39829064060921576,
        0.3953361608561714,
        0.39762914151701606
      ],
      "break_idx_f1": [
        0.6880258221861624,
        0.6975159106211803,
        0.6988417672658277,
        0.6902215669848255,
        0.6866657515115162,
        0.683730716935206,
        0.6812799334026791,
        0.6819184794188244,
        0.6817204564856882,
        0.6789256993855199
      ]
    },
    "train_history": {
      "loss": [
        1.5749271159005251,
        1.4882182721205874,
        1.3813760468985692,
        1.248149804528286,
        1.1065844469608241,
        0.9801751140806154,
        0.8713916985383223,
        0.7833687855948586,
        0.7167260048436889,
        0.6710610187312518
      ],
      "boundary_f1": [
        0.861536947872661,
        0.8737359180194159,
        0.8797586852506761,
        0.8831608608749335,
        0.8861423906741127,
        0.8876928991158218,
        0.8889173528514791,
        0.8917752085467584,
        0.8923217550274223,
        0.8936206528696394
      ],
      "intonation_f1": [
        0.33309625151514966,
        0.3710435342283687,
        0.4163796806206728,
        0.4711209910413894,
        0.542939364232615,
        0.6010872782360875,
        0.6580609907234566,
        0.6983015046460922,
        0.7332656524756258,
        0.750777592502328
      ],
      "break_idx_f1": [
        0.6868258209491869,
        0.7230803155930685,
        0.7624322989090756,
        0.804696748497322,
        0.8434667023336302,
        0.8732414136037339,
        0.8924628793057527,
        0.9088209494974259,
        0.9190031787244989,
        0.9251537428626753
      ]
    }
  },
  "annotation_tool_meta": {}
}