{
  "run_id": "run_20260501_160215_06094640",
  "run_notes": "no_punct_c100_weighted",
  "timestamp": "2026-05-01T17:02:43.705946",
  "data": {
    "n_samples_total": 33142,
    "n_train": 26513,
    "n_val": 3314,
    "n_test": 3315,
    "split_seed": 42,
    "train_frac": 0.8,
    "val_frac": 0.1
  },
  "preprocessing": {
    "strip_punctuation": true,
    "extra_features": [],
    "max_length": 128
  },
  "model": {
    "base": "distilbert-base-uncased"
  },
  "training": {
    "batch_size": 16,
    "learning_rate": 2e-05,
    "num_epochs": 8,
    "warmup_steps": 0,
    "weight_decay": 0.01,
    "imbalance_strategy": "weighted_loss",
    "boundary_loss_weight": 5.0,
    "boundary_task_weight": 1.0,
    "intonation_task_weight": 1.0,
    "break_idx_task_weight": 1.0,
    "best_epoch": 2
  },
  "results": {
    "best_val_boundary_f1": 0.843312324929972,
    "test": {
      "boundary": {
        "f1": 0.8529581979254774,
        "precision": 0.7838324333169694,
        "recall": 0.9354555219216873
      },
      "intonation": {
        "f1": 0.3558177625625378,
        "precision": 0.3820084790673026,
        "recall": 0.38182946657586564
      },
      "break_idx": {
        "f1": 0.6821209957019697,
        "precision": 0.6846441203468558,
        "recall": 0.683564637198556
      }
    },
    "val_history": {
      "loss": [
        1.628140740096569,
        1.6012729721573682,
        1.6338350566533895,
        1.7096818376045961,
        1.8271699438874538,
        1.9050570972836935,
        2.0080654621124268,
        2.065322028329739
      ],
      "boundary_f1": [
        0.8361635765032057,
        0.843312324929972,
        0.827843170463206,
        0.8415171751560386,
        0.8422577247191011,
        0.8397905759162304,
        0.840075053453768,
        0.8427065026362038
      ],
      "boundary_prec": [
        0.7583686940122584,
        0.7713370696557246,
        0.7372549019607844,
        0.7679439177885764,
        0.77217125382263,
        0.7661200445788887,
        0.7664622979536587,
        0.7732623770359619
      ],
      "boundary_rec": [
        0.9317435798416682,
        0.9301023363583704,
        0.9438115466306237,
        0.9306815987642402,
        0.9263371307202163,
        0.9291368990152539,
        0.9293299864838772,
        0.925854412048658
      ],
      "intonation_f1": [
        0.3259725197370355,
        0.3548789315888532,
        0.3691282990702966,
        0.38041236639617276,
        0.3950959861763736,
        0.4049709558902965,
        0.4016279346729598,
        0.40749395752863743
      ],
      "break_idx_f1": [
        0.6524761487150867,
        0.6936871449255404,
        0.6935997272640566,
        0.6815880800895084,
        0.6803666080166729,
        0.6730043710766478,
        0.6733005826795495,
        0.6722885299660457
      ]
    },
    "train_history": {
      "loss": [
        1.66183592859022,
        1.543794307475786,
        1.440915193718794,
        1.323550273303675,
        1.2028942291857394,
        1.0988167407501161,
        1.0099445666457258,
        0.9521112439140623
      ],
      "boundary_f1": [
        0.8055772179856906,
        0.8432264614095492,
        0.8549298971969689,
        0.863582533870775,
        0.8680369474761999,
        0.8727725502831585,
        0.8745768273674424,
        0.876683665364833
      ],
      "intonation_f1": [
        0.31612939645539473,
        0.3639590497714426,
        0.39985327217627864,
        0.4449651138590151,
        0.4997858812466138,
        0.5504701482856,
        0.5933576407123236,
        0.6206080023417294
      ],
      "break_idx_f1": [
        0.6738316111871239,
        0.7142872939077494,
        0.750741829832366,
        0.7896840141931574,
        0.8220911425334883,
        0.84800344277486,
        0.8684366621774016,
        0.8801803495121483
      ]
    }
  },
  "annotation_tool_meta": {}
}