{
  "run_id": "run_20260502_210314_44729d02",
  "run_notes": "libritts_stloss",
  "timestamp": "2026-05-03T00:17:25.624075",
  "data": {
    "n_samples_total": 145111,
    "n_train": 116088,
    "n_val": 14511,
    "n_test": 14512,
    "split_seed": 42,
    "train_frac": 0.8,
    "val_frac": 0.1
  },
  "preprocessing": {
    "strip_punctuation": true,
    "extra_features": [],
    "max_length": 128
  },
  "model": {
    "base": "distilbert-base-uncased"
  },
  "training": {
    "batch_size": 16,
    "learning_rate": 2e-05,
    "num_epochs": 6,
    "warmup_steps": 0,
    "weight_decay": 0.01,
    "imbalance_strategy": "none",
    "boundary_loss_weight": 5.0,
    "boundary_task_weight": 1.0,
    "intonation_task_weight": 1.0,
    "break_idx_task_weight": 1.0,
    "best_epoch": 2
  },
  "results": {
    "best_val_boundary_f1": 0.8867023370102862,
    "test": {
      "boundary": {
        "f1": 0.8847230596950642,
        "precision": 0.9046926956023871,
        "recall": 0.8656159794357472
      },
      "intonation": {
        "f1": 0.374115803376881,
        "precision": 0.5655346601510497,
        "recall": 0.39639076896208475
      },
      "break_idx": {
        "f1": 0.7054888030193904,
        "precision": 0.7065328357070647,
        "recall": 0.7054405648403629
      }
    },
    "val_history": {
      "loss": [
        1.5196857502336933,
        1.5078584543268105,
        1.5287464356343565,
        1.5732555384146996,
        1.6366741577083248,
        1.6839164081455722
      ],
      "boundary_f1": [
        0.8821693076128143,
        0.8867023370102862,
        0.8850778085696014,
        0.8859580743705888,
        0.8847049853869288,
        0.8844889372813092
      ],
      "boundary_prec": [
        0.9125022269730981,
        0.9057304909055349,
        0.9059745133979227,
        0.8959052366952149,
        0.8994487985530962,
        0.8976504666881235
      ],
      "boundary_rec": [
        0.8537881313552259,
        0.8684572428738123,
        0.8651233538923154,
        0.876229371561927,
        0.8704367394565761,
        0.8717077846307718
      ],
      "intonation_f1": [
        0.3764681014509816,
        0.37122568038497494,
        0.38064564310665977,
        0.39066002355607443,
        0.3991647985347914,
        0.4030294546981992
      ],
      "break_idx_f1": [
        0.7017823693737556,
        0.7050166089475414,
        0.7044765272050326,
        0.6991930355286985,
        0.6926628256863805,
        0.6924567766605652
      ]
    },
    "train_history": {
      "loss": [
        1.5590739512719551,
        1.4736902263947858,
        1.3994297046694892,
        1.3205819008450919,
        1.2445912566261885,
        1.1892895498605653
      ],
      "boundary_f1": [
        0.8702625531680575,
        0.8864187593618235,
        0.8910320098209381,
        0.893569886018015,
        0.895676055777421,
        0.8964107519488604
      ],
      "intonation_f1": [
        0.3379264216488765,
        0.37905461660951434,
        0.4080065431103554,
        0.4389668348299393,
        0.4715606516555734,
        0.4980286090727662
      ],
      "break_idx_f1": [
        0.6918469418328461,
        0.7236371644785949,
        0.7517159899076538,
        0.782087216988979,
        0.8063629827842675,
        0.8228961675456417
      ]
    }
  },
  "annotation_tool_meta": {}
}