{
  "run_id": "run_20260501_150138_5177dcae",
  "run_notes": "no_punct_c100_standard",
  "timestamp": "2026-05-01T16:02:13.786760",
  "data": {
    "n_samples_total": 33142,
    "n_train": 26513,
    "n_val": 3314,
    "n_test": 3315,
    "split_seed": 42,
    "train_frac": 0.8,
    "val_frac": 0.1
  },
  "preprocessing": {
    "strip_punctuation": true,
    "extra_features": [],
    "max_length": 128
  },
  "model": {
    "base": "distilbert-base-uncased"
  },
  "training": {
    "batch_size": 16,
    "learning_rate": 2e-05,
    "num_epochs": 8,
    "warmup_steps": 0,
    "weight_decay": 0.01,
    "imbalance_strategy": "none",
    "boundary_loss_weight": 5.0,
    "boundary_task_weight": 1.0,
    "intonation_task_weight": 1.0,
    "break_idx_task_weight": 1.0,
    "best_epoch": 3
  },
  "results": {
    "best_val_boundary_f1": 0.864965469951511,
    "test": {
      "boundary": {
        "f1": 0.8685448333910977,
        "precision": 0.8809762957010848,
        "recall": 0.8564593301435407
      },
      "intonation": {
        "f1": 0.3568355085673171,
        "precision": 0.4180950007038289,
        "recall": 0.38310403623768813
      },
      "break_idx": {
        "f1": 0.6805803784943397,
        "precision": 0.6813767230655727,
        "recall": 0.6805296255607824
      }
    },
    "val_history": {
      "loss": [
        1.567600660599195,
        1.5526875887925808,
        1.601662662739937,
        1.6681747591266265,
        1.764016055716918,
        1.8551658735825465,
        1.9506468022098908,
        2.019610963188685
      ],
      "boundary_f1": [
        0.8604153179622529,
        0.8645977465902352,
        0.864965469951511,
        0.8641237820104783,
        0.8639569049951028,
        0.8637073170731707,
        0.861351139041634,
        0.8620571372568236
      ],
      "boundary_prec": [
        0.888511776200761,
        0.8856043733549301,
        0.8778208569440302,
        0.8767014406358669,
        0.8766646789902603,
        0.872904752514297,
        0.8763236763236764,
        0.875310976216539
      ],
      "boundary_rec": [
        0.8340413207182854,
        0.8445645877582545,
        0.8524811739718092,
        0.8519019115659394,
        0.8516122803630044,
        0.854701679860977,
        0.8468816373817339,
        0.8491986870052134
      ],
      "intonation_f1": [
        0.3501206032143614,
        0.3519679902208525,
        0.35646659372944706,
        0.38066250521635236,
        0.386228214793378,
        0.38860051171348603,
        0.4039140742009965,
        0.40191890746648756
      ],
      "break_idx_f1": [
        0.6910273582917317,
        0.6918240241193272,
        0.6949011559349167,
        0.6845958434738759,
        0.6793041165969425,
        0.6752266840404482,
        0.6745473556664712,
        0.6741375079069545
      ]
    },
    "train_history": {
      "loss": [
        1.620547208481157,
        1.5090536262718701,
        1.41245872943479,
        1.2972826894790617,
        1.1844027386068292,
        1.0802383126625825,
        1.0014457265488057,
        0.9464141966907624
      ],
      "boundary_f1": [
        0.8360777594396079,
        0.8708871354891123,
        0.8784758866118542,
        0.8820957489804166,
        0.8845168587411733,
        0.8870311296887031,
        0.8887978275760837,
        0.888520782396088
      ],
      "intonation_f1": [
        0.31698108846592826,
        0.36642389721775054,
        0.4088027073132376,
        0.45439142962857315,
        0.5060788490460583,
        0.5536278927764975,
        0.5892662851138314,
        0.6195569352402298
      ],
      "break_idx_f1": [
        0.6701298226826126,
        0.7137659748982081,
        0.750131981839135,
        0.7870201413911753,
        0.8197319961078227,
        0.8460713900148058,
        0.8622143696662679,
        0.87448956878132
      ]
    }
  },
  "annotation_tool_meta": {}
}