{
  "run_id": "sbcsae_stl",
  "run_notes": "sbcsae_stl",
  "timestamp": "2026-05-03T20:33:12.272652",
  "data": {
    "n_samples_total": 4140,
    "n_train": 3339,
    "n_val": 418,
    "n_test": 383,
    "split_seed": 42,
    "train_frac": 0.8,
    "val_frac": 0.1
  },
  "preprocessing": {
    "strip_punctuation": true,
    "extra_features": [],
    "max_length": 128
  },
  "model": {
    "base": "distilbert-base-uncased"
  },
  "training": {
    "batch_size": 16,
    "learning_rate": 2e-05,
    "num_epochs": 10,
    "warmup_steps": 0,
    "weight_decay": 0.01,
    "imbalance_strategy": "none",
    "boundary_loss_weight": 5.0,
    "boundary_task_weight": 1.0,
    "intonation_task_weight": 1.0,
    "break_idx_task_weight": 1.0,
    "best_epoch": 10
  },
  "results": {
    "best_val_boundary_f1": 0.8618166164442531,
    "test": {
      "boundary": {
        "f1": 0.8419351475341466,
        "precision": 0.8827066025360735,
        "recall": 0.8047638030695635
      },
      "intonation": {
        "f1": 0.594182698156042,
        "precision": 0.6386937483968523,
        "recall": 0.5769187142832283
      },
      "break_idx": {
        "f1": NaN,
        "precision": NaN,
        "recall": NaN
      }
    },
    "val_history": {
      "loss": [
        0.8507963286505805,
        0.78565647204717,
        0.7473530040846931,
        0.7358693855780142,
        0.7187894781430563,
        0.7152960631582472,
        0.7175094728116636,
        0.7088379705393756,
        0.7117743558353848,
        0.7154414212262189
      ],
      "boundary_f1": [
        0.8283056936174401,
        0.8468271334792122,
        0.8537037918074123,
        0.8568006515594309,
        0.8583576171595089,
        0.8597720879225671,
        0.8606819894498869,
        0.8610644526563325,
        0.8614648157012925,
        0.8618166164442531
      ],
      "boundary_prec": [
        0.8712215320910973,
        0.8590869607180774,
        0.8661903842440626,
        0.8756365060712887,
        0.8746105919003115,
        0.8743211792086889,
        0.8643458518588591,
        0.8815841194968553,
        0.8796558803402093,
        0.8792699590083936
      ],
      "boundary_rec": [
        0.7894193790451177,
        0.8349122971578651,
        0.8415720851702467,
        0.8387580902354376,
        0.8426976831441704,
        0.8456992777413,
        0.8570490573116969,
        0.8414782853390864,
        0.8440108807804146,
        0.845042678923178
      ],
      "intonation_f1": [
        0.4877253616077055,
        0.5908967967968236,
        0.6307270962888746,
        0.6465100226453014,
        0.6681486923772143,
        0.6660504679724185,
        0.6765270884557428,
        0.6879702625759876,
        0.6930214425887592,
        0.6937421921612538
      ],
      "break_idx_f1": [
        NaN,
        NaN,
        NaN,
        NaN,
        NaN,
        NaN,
        NaN,
        NaN,
        NaN,
        NaN
      ]
    },
    "train_history": {
      "loss": [
        0.9811862259390252,
        0.8199905710357228,
        0.7479451435604735,
        0.6888112231875151,
        0.636404059435192,
        0.5933638697035575,
        0.5555380816664992,
        0.5255960810697821,
        0.5032540800753963,
        0.49143266193033974
      ],
      "boundary_f1": [
        0.748634360127083,
        0.833170591441973,
        0.8475655744573871,
        0.8543967695496604,
        0.860665918264982,
        0.8633060907952037,
        0.8661662198391421,
        0.8681575155693685,
        0.8692711620208852,
        0.8709456359161686
      ],
      "intonation_f1": [
        0.46234381147084586,
        0.5189823143080656,
        0.6054408852319423,
        0.6576588785941743,
        0.6943481535784448,
        0.725021825279155,
        0.748698857563244,
        0.7655936514805228,
        0.7795553168652987,
        0.7890617730694656
      ],
      "break_idx_f1": [
        NaN,
        NaN,
        NaN,
        NaN,
        NaN,
        NaN,
        NaN,
        NaN,
        NaN,
        NaN
      ]
    }
  },
  "annotation_tool_meta": {}
}