{
  "run_id": "run_20260503_002919_0561e525",
  "run_notes": "libritts_weighted",
  "timestamp": "2026-05-03T03:44:14.326753",
  "data": {
    "n_samples_total": 145111,
    "n_train": 116088,
    "n_val": 14511,
    "n_test": 14512,
    "split_seed": 42,
    "train_frac": 0.8,
    "val_frac": 0.1
  },
  "preprocessing": {
    "strip_punctuation": true,
    "extra_features": [],
    "max_length": 128
  },
  "model": {
    "base": "distilbert-base-uncased"
  },
  "training": {
    "batch_size": 16,
    "learning_rate": 2e-05,
    "num_epochs": 6,
    "warmup_steps": 0,
    "weight_decay": 0.01,
    "imbalance_strategy": "weighted_loss",
    "boundary_loss_weight": 5.0,
    "boundary_task_weight": 1.0,
    "intonation_task_weight": 1.0,
    "break_idx_task_weight": 1.0,
    "best_epoch": 2
  },
  "results": {
    "best_val_boundary_f1": 0.8685667972443604,
    "test": {
      "boundary": {
        "f1": 0.8668564631554316,
        "precision": 0.8067326013973324,
        "recall": 0.9366637871094161
      },
      "intonation": {
        "f1": 0.3662110264602547,
        "precision": 0.40168928585637115,
        "recall": 0.3907418062382932
      },
      "break_idx": {
        "f1": 0.7087890051124416,
        "precision": 0.7093397956112214,
        "recall": 0.709262022388543
      }
    },
    "val_history": {
      "loss": [
        1.5522155501482373,
        1.5450765558219666,
        1.5561441750878668,
        1.622850358814757,
        1.6561314869741883,
        1.7170803537705241
      ],
      "boundary_f1": [
        0.8633815059268528,
        0.8685667972443604,
        0.8556408764057601,
        0.8639814867940406,
        0.8586097348814341,
        0.8621974106641008
      ],
      "boundary_prec": [
        0.7970758893141214,
        0.8088050314465409,
        0.7785902210680972,
        0.7983987840656039,
        0.785934362667036,
        0.7942152096459975
      ],
      "boundary_rec": [
        0.9417194532422071,
        0.9378646441073513,
        0.9496166027671279,
        0.94130271711952,
        0.9460951825304217,
        0.9429071511918653
      ],
      "intonation_f1": [
        0.3718175234510224,
        0.3655538906455022,
        0.3812127585773832,
        0.39375503530437567,
        0.40222810539025605,
        0.4055456156481538
      ],
      "break_idx_f1": [
        0.7031748962147607,
        0.7070553057996085,
        0.7037076852146642,
        0.6962756130141856,
        0.6926532991984484,
        0.6913979501484244
      ]
    },
    "train_history": {
      "loss": [
        1.5973861763108,
        1.5048123128556101,
        1.4300408687816302,
        1.3482059169778355,
        1.271261999796349,
        1.2129685930258778
      ],
      "boundary_f1": [
        0.8362442809293251,
        0.8552141832534853,
        0.8626832495369146,
        0.8680554163241574,
        0.8712120675362586,
        0.8740441846430558
      ],
      "intonation_f1": [
        0.33897564414928466,
        0.37848706400632914,
        0.4069603869102061,
        0.43984108399111843,
        0.4753705956062824,
        0.5022380455783034
      ],
      "break_idx_f1": [
        0.6910508631380736,
        0.720906187787711,
        0.748431929946133,
        0.7762028569988206,
        0.7999858689776763,
        0.8164933363219467
      ]
    }
  },
  "annotation_tool_meta": {}
}