{
  "run_id": "libri_sbc_bu_weighted_pp",
  "run_notes": "libri_sbc_bu_weighted_pp",
  "timestamp": "2026-06-11T00:31:42.580008",
  "data": {
    "datasets": [
      "libri",
      "sbc",
      "bu"
    ],
    "n_samples_train_pool": 149294,
    "n_train": 132705,
    "n_val": 16589,
    "n_test": 383,
    "split_mode": "fixed_sbc_holdout",
    "split_seed": 42,
    "train_frac": 0.8,
    "val_frac": 0.1
  },
  "preprocessing": {
    "strip_punctuation": false,
    "extra_features": [],
    "max_length": 128
  },
  "model": {
    "base": "distilbert-base-uncased"
  },
  "training": {
    "batch_size": 16,
    "learning_rate": 2e-05,
    "num_epochs": 10,
    "warmup_steps": 0,
    "weight_decay": 0.01,
    "imbalance_strategy": "weighted_loss",
    "boundary_loss_weight": 4.0,
    "boundary_task_weight": 1.0,
    "intonation_task_weight": 1.0,
    "break_idx_task_weight": 1.0,
    "best_epoch": 3
  },
  "results": {
    "best_val_boundary_f1": 0.8616927579055033,
    "test": {
      "boundary": {
        "f1": 0.8282050120088821,
        "precision": 0.7594116180503615,
        "recall": 0.9107036077337054
      },
      "intonation": {
        "f1": 0.6161447086976394,
        "precision": 0.6471559527057775,
        "recall": 0.6015054380425794
      },
      "break_idx": {
        "f1": NaN,
        "precision": NaN,
        "recall": NaN
      }
    },
    "val_history": {
      "loss": [
        1.5295191821619767,
        1.5086161349985385,
        1.51689571216918,
        1.5665659005524681,
        1.626778210140585,
        1.717825318831257,
        1.8491939524675405,
        1.902319504531853,
        1.9894569027044504,
        2.066321462766414
      ],
      "boundary_f1": [
        0.8603301016519329,
        0.8599485984947713,
        0.8616927579055033,
        0.856700885951343,
        0.858814468319637,
        0.8603490032031023,
        0.8606082112061318,
        0.8597283784262969,
        0.8594635623940354,
        0.861024673336419
      ],
      "boundary_prec": [
        0.7984002115422754,
        0.7939080985685338,
        0.7976907498487678,
        0.7863283165965356,
        0.7915261080792425,
        0.7963841956478864,
        0.7961238986856445,
        0.7948307740725685,
        0.7947678461316435,
        0.7987818573372617
      ],
      "boundary_rec": [
        0.932675377629506,
        0.9379730021931857,
        0.9368609643839002,
        0.9409075464121336,
        0.9386062459456955,
        0.9354863620918666,
        0.9364593951749915,
        0.9361659407530967,
        0.9356253668180273,
        0.9337874154387916
      ],
      "intonation_f1": [
        0.509204187067579,
        0.5525934514716889,
        0.5520366104662083,
        0.5469986594912984,
        0.5734462838609192,
        0.5662778003449829,
        0.5587542367604555,
        0.5613251725132536,
        0.5573211397144548,
        0.5572956894534978
      ],
      "break_idx_f1": [
        0.7038798348744486,
        0.703864118347687,
        0.7083600513161403,
        0.6941690488455841,
        0.6922869936130267,
        0.6851122746450735,
        0.6839089037003656,
        0.6830826786329598,
        0.6805771116555667,
        0.6806617696717372
      ]
    },
    "train_history": {
      "loss": [
        1.5834414286632148,
        1.4827860024982795,
        1.4011416616031676,
        1.309753096642589,
        1.2134629930193845,
        1.119669340959581,
        1.035668041790157,
        0.9619385111252898,
        0.9060924636843407,
        0.8660150577157574
      ],
      "boundary_f1": [
        0.833935115069626,
        0.8545277971998831,
        0.8618281026276073,
        0.8668017763992669,
        0.870434537848567,
        0.87328648254312,
        0.8754550839440903,
        0.8773334701582982,
        0.8784162960431308,
        0.8797192649220245
      ],
      "intonation_f1": [
        0.4916215443353134,
        0.5417977624810822,
        0.5771515837835637,
        0.6091402001001089,
        0.6400371755750246,
        0.6698608274661068,
        0.6964922420401383,
        0.7193457545526186,
        0.73863530155618,
        0.7507825103364643
      ],
      "break_idx_f1": [
        0.6926051114408844,
        0.7211567488045998,
        0.7486043914665697,
        0.7798756099042422,
        0.8110178399322832,
        0.8377506270440591,
        0.8586634618029724,
        0.8750957973039032,
        0.8874381600541927,
        0.8952366719943052
      ]
    }
  }
}