{
  "run_id": "run_20260503_082621_8bd3deaa",
  "run_notes": "np_libritts_weighted_v2",
  "timestamp": "2026-05-03T11:35:11.519592",
  "data": {
    "n_samples_total": 145111,
    "n_train": 116088,
    "n_val": 14511,
    "n_test": 14512,
    "split_seed": 42,
    "train_frac": 0.8,
    "val_frac": 0.1
  },
  "preprocessing": {
    "strip_punctuation": true,
    "extra_features": [],
    "max_length": 128
  },
  "model": {
    "base": "distilbert-base-uncased"
  },
  "training": {
    "batch_size": 16,
    "learning_rate": 2e-05,
    "num_epochs": 6,
    "warmup_steps": 0,
    "weight_decay": 0.01,
    "imbalance_strategy": "weighted_loss",
    "boundary_loss_weight": 4.0,
    "boundary_task_weight": 1.0,
    "intonation_task_weight": 1.0,
    "break_idx_task_weight": 1.0,
    "best_epoch": 3
  },
  "results": {
    "best_val_boundary_f1": 0.8705757135945815,
    "test": {
      "boundary": {
        "f1": 0.8682635901447008,
        "precision": 0.8099928856783232,
        "recall": 0.9355681506921473
      },
      "intonation": {
        "f1": 0.3925443461772744,
        "precision": 0.4350754248977893,
        "recall": 0.41276829172625495
      },
      "break_idx": {
        "f1": 0.7043114750257901,
        "precision": 0.7046657914084908,
        "recall": 0.7042354321182109
      }
    },
    "val_history": {
      "loss": [
        1.5476615424981586,
        1.537461702326824,
        1.5639528342355309,
        1.6019741984160234,
        1.6624301269141157,
        1.7050854494711005
      ],
      "boundary_f1": [
        0.8666930036711215,
        0.8694459999613803,
        0.8705757135945815,
        0.865372837237789,
        0.86584265781241,
        0.8690903115424395
      ],
      "boundary_prec": [
        0.8061156817407825,
        0.81008240077723,
        0.8126558040391633,
        0.8001911369106612,
        0.8025225032909952,
        0.8105695894412289
      ],
      "boundary_rec": [
        0.9371145190865144,
        0.9381980330055009,
        0.937385397566261,
        0.9421153525587598,
        0.9400108351391898,
        0.9367186197699616
      ],
      "intonation_f1": [
        0.372394992728482,
        0.36379612421260316,
        0.39167086436259235,
        0.3951434579678772,
        0.39674409667047916,
        0.4038425437082896
      ],
      "break_idx_f1": [
        0.7041971777597995,
        0.7081867963089763,
        0.7029149748301063,
        0.701143973642053,
        0.6940819514577239,
        0.6943507207261661
      ]
    },
    "train_history": {
      "loss": [
        1.5979838293649526,
        1.506879553855977,
        1.4319177131438596,
        1.351773559110693,
        1.2760284440109328,
        1.2184391599374411
      ],
      "boundary_f1": [
        0.8456628200987022,
        0.8643586487355042,
        0.8709000105342795,
        0.8756107943474168,
        0.8793239904834078,
        0.8807652287587981
      ],
      "intonation_f1": [
        0.3379541388109846,
        0.3783311981864783,
        0.40767498394557894,
        0.43987245385811985,
        0.47522501278460155,
        0.5013611232554191
      ],
      "break_idx_f1": [
        0.6906018752766863,
        0.7210674301397436,
        0.7476026009114525,
        0.7750097229055194,
        0.7983711896662636,
        0.8145267110404093
      ]
    }
  },
  "annotation_tool_meta": {}
}