{
  "run_id": "libri_sbc_bu_stl",
  "run_notes": "libri_sbc_bu_stl",
  "timestamp": "2026-06-10T22:16:08.117056",
  "data": {
    "datasets": [
      "libri",
      "sbc",
      "bu"
    ],
    "n_samples_train_pool": 149294,
    "n_train": 132705,
    "n_val": 16589,
    "n_test": 383,
    "split_mode": "fixed_sbc_holdout",
    "split_seed": 42,
    "train_frac": 0.8,
    "val_frac": 0.1
  },
  "preprocessing": {
    "strip_punctuation": true,
    "extra_features": [],
    "max_length": 128
  },
  "model": {
    "base": "distilbert-base-uncased"
  },
  "training": {
    "batch_size": 16,
    "learning_rate": 2e-05,
    "num_epochs": 10,
    "warmup_steps": 0,
    "weight_decay": 0.01,
    "imbalance_strategy": "none",
    "boundary_loss_weight": 5.0,
    "boundary_task_weight": 1.0,
    "intonation_task_weight": 1.0,
    "break_idx_task_weight": 1.0,
    "best_epoch": 3
  },
  "results": {
    "best_val_boundary_f1": 0.8797171660160231,
    "test": {
      "boundary": {
        "f1": 0.8395419926428682,
        "precision": 0.8742850976583576,
        "recall": 0.8074546541758023
      },
      "intonation": {
        "f1": 0.5934581705719659,
        "precision": 0.6833407929774759,
        "recall": 0.5724288951106359
      },
      "break_idx": {
        "f1": NaN,
        "precision": NaN,
        "recall": NaN
      }
    },
    "val_history": {
      "loss": [
        1.49363473618157,
        1.4865415844646002,
        1.4932487066709432,
        1.5412540408776374,
        1.6184720053852122,
        1.7094503897480242,
        1.7730346501965646,
        1.8848869613189476,
        1.967230780490224,
        2.028660058515396
      ],
      "boundary_f1": [
        0.8761399854839219,
        0.8781476213557518,
        0.8797171660160231,
        0.878889428271661,
        0.8791392932369684,
        0.8788066246427313,
        0.8785600364547733,
        0.8786842125864053,
        0.8784379559753361,
        0.8786086411531984
      ],
      "boundary_prec": [
        0.8954684728269634,
        0.9043254832004975,
        0.8932028016555237,
        0.8912691354887887,
        0.8915871225958102,
        0.8912784510554488,
        0.8940913088670345,
        0.8908961028653067,
        0.8925679122560898,
        0.8915086090398894
      ],
      "boundary_rec": [
        0.8576282704723072,
        0.8534426837179131,
        0.8666326877336051,
        0.8668489173076329,
        0.8670342569425138,
        0.8666790226423254,
        0.8635591387884965,
        0.8668025823989127,
        0.8647484014456491,
        0.8660766688289624
      ],
      "intonation_f1": [
        0.5279574057422699,
        0.539583567398085,
        0.5525548432345702,
        0.5673720106776354,
        0.5620644108210645,
        0.5630270075426425,
        0.5563049365792354,
        0.5607312094714313,
        0.5547095508307686,
        0.5543432262503901
      ],
      "break_idx_f1": [
        0.7019568777266179,
        0.6935443959624283,
        0.704716414307594,
        0.6980243440565972,
        0.6947565385196923,
        0.6907286870547954,
        0.6857934417444866,
        0.6840393488310755,
        0.6836047151618754,
        0.6827508624684984
      ]
    },
    "train_history": {
      "loss": [
        1.5480180055711412,
        1.4523720199189465,
        1.3721159746231553,
        1.2828396083074136,
        1.1867882495475433,
        1.0936510358609803,
        1.0125384760736484,
        0.9431384963504947,
        0.8878207107672424,
        0.8483844684433549
      ],
      "boundary_f1": [
        0.8595619891184598,
        0.8774174644451945,
        0.8830546994731269,
        0.886099278757547,
        0.8885082455228465,
        0.8900023316054531,
        0.8913675870980939,
        0.8920333112241138,
        0.8929271173350575,
        0.8935702981392103
      ],
      "intonation_f1": [
        0.4895576393819195,
        0.541862382139074,
        0.5776752869361712,
        0.6103073438234937,
        0.641874899998403,
        0.6699467050911622,
        0.6966281040725993,
        0.7190899316346872,
        0.7376120554585673,
        0.7498088459260274
      ],
      "break_idx_f1": [
        0.6930723467667799,
        0.7235119361072386,
        0.752452065174851,
        0.7844380741441253,
        0.8155092640300169,
        0.8412559081514606,
        0.8612381496538467,
        0.8785461218913828,
        0.8897200941608163,
        0.8981169300121696
      ]
    }
  }
}