{
  "run_id": "libri+sbc_text+pos_stl",
  "run_notes": "libri+sbc_text+pos_stl",
  "timestamp": "2026-05-04T02:17:49.052545",
  "data": {
    "n_samples_total": 149251,
    "n_train": 132327,
    "n_val": 16541,
    "n_test": 383,
    "split_seed": 42,
    "train_frac": 0.8,
    "val_frac": 0.1
  },
  "preprocessing": {
    "strip_punctuation": true,
    "train_on_text": true,
    "train_on_pos": true,
    "pos_embedding_dim": 64,
    "extra_features": [],
    "max_length": 128
  },
  "model": {
    "base": "distilbert-base-uncased",
    "use_pos_embedding": true
  },
  "training": {
    "batch_size": 16,
    "learning_rate": 2e-05,
    "num_epochs": 6,
    "warmup_steps": 0,
    "weight_decay": 0.01,
    "imbalance_strategy": "none",
    "boundary_loss_weight": 5.0,
    "boundary_task_weight": 1.0,
    "intonation_task_weight": 1.0,
    "break_idx_task_weight": 1.0,
    "best_epoch": 3
  },
  "results": {
    "best_val_boundary_f1": 0.8823799808066064,
    "test": {
      "boundary": {
        "f1": 0.8408398950131234,
        "precision": 0.8883096716947648,
        "recall": 0.7981861670320909
      },
      "intonation": {
        "f1": 0.5846545682090948,
        "precision": 0.6840817884141979,
        "recall": 0.5662465034336409
      },
      "break_idx": {
        "f1": NaN,
        "precision": NaN,
        "recall": NaN
      }
    },
    "val_history": {
      "loss": [
        1.4921953535172188,
        1.4875715777306768,
        1.4912821799228455,
        1.5391891162330915,
        1.5877134848378844,
        1.6256349741029095
      ],
      "boundary_f1": [
        0.8794286129806332,
        0.8815041399080732,
        0.8823799808066064,
        0.8823708450140169,
        0.8812026913372581,
        0.8812492960239432
      ],
      "boundary_prec": [
        0.8984992818345413,
        0.8923221580961027,
        0.8997582356133743,
        0.8934341140595601,
        0.901171060901783,
        0.8964089302081969
      ],
      "boundary_rec": [
        0.8611506693249786,
        0.8709452830785784,
        0.8656603057058768,
        0.8715782145004589,
        0.8621000664577994,
        0.8665938795531504
      ],
      "intonation_f1": [
        0.5326763216556848,
        0.531463317073159,
        0.5446165745396963,
        0.5441209056398736,
        0.5520725423760192,
        0.5537286295206734
      ],
      "break_idx_f1": [
        0.7108732491494889,
        0.7082876481998616,
        0.7112338919956738,
        0.7037820080872255,
        0.699050553036753,
        0.696868988677537
      ]
    },
    "train_history": {
      "loss": [
        1.5433384172141862,
        1.4488054430624577,
        1.3740470627532906,
        1.2940148564120646,
        1.2204295333820334,
        1.1657674110450302
      ],
      "boundary_f1": [
        0.8615714242604086,
        0.8798872441441973,
        0.8847312055034959,
        0.8873941984465351,
        0.8893438545807617,
        0.8904343606499997
      ],
      "intonation_f1": [
        0.4924612551684904,
        0.5434572300076583,
        0.576215152274381,
        0.6051540870917734,
        0.6288629073575679,
        0.6460756318587961
      ],
      "break_idx_f1": [
        0.6910077151002045,
        0.7227825169776323,
        0.7502950947744836,
        0.7796813572216946,
        0.8050050682247358,
        0.8226471704114791
      ]
    }
  },
  "annotation_tool_meta": {}
}