{
  "run_id": "run_20260503_113516_1435b917",
  "run_notes": "np_all_stloss_lr1e5",
  "timestamp": "2026-05-03T15:09:26.636575",
  "data": {
    "n_samples_total": 149251,
    "n_train": 132327,
    "n_val": 16541,
    "n_test": 383,
    "split_seed": 42,
    "train_frac": 0.8,
    "val_frac": 0.1
  },
  "preprocessing": {
    "strip_punctuation": true,
    "extra_features": [],
    "max_length": 128
  },
  "model": {
    "base": "distilbert-base-uncased"
  },
  "training": {
    "batch_size": 16,
    "learning_rate": 1e-05,
    "num_epochs": 6,
    "warmup_steps": 0,
    "weight_decay": 0.01,
    "imbalance_strategy": "none",
    "boundary_loss_weight": 5.0,
    "boundary_task_weight": 1.0,
    "intonation_task_weight": 1.0,
    "break_idx_task_weight": 1.0,
    "best_epoch": 5
  },
  "results": {
    "best_val_boundary_f1": 0.8775673044699424,
    "test": {
      "boundary": {
        "f1": 0.816306139781186,
        "precision": 0.8603622577927549,
        "recall": 0.7765421537876628
      },
      "intonation": {
        "f1": 0.5725572206272954,
        "precision": 0.6134786844817822,
        "recall": 0.5579450133143293
      },
      "break_idx": {
        "f1": NaN,
        "precision": NaN,
        "recall": NaN
      }
    },
    "val_history": {
      "loss": [
        1.5155807589423955,
        1.4944508601433995,
        1.489311285706046,
        1.4987660298264465,
        1.5115339200316822,
        1.5170178012183833
      ],
      "boundary_f1": [
        0.8698156311335629,
        0.8755377092195762,
        0.8768672488734697,
        0.8775396293815584,
        0.8775673044699424,
        0.8774892846025525
      ],
      "boundary_prec": [
        0.8922371113604859,
        0.8873559513256507,
        0.8914781480580556,
        0.8919633015626013,
        0.8926240950556764,
        0.8928321990676824
      ],
      "boundary_rec": [
        0.8484934086629002,
        0.864030131826742,
        0.8627275580665411,
        0.8635750156936598,
        0.8630100439422473,
        0.8626647834274953
      ],
      "intonation_f1": [
        0.5021235055893799,
        0.519652816686365,
        0.530235361202298,
        0.5372750028114884,
        0.5400546015431826,
        0.540331363167073
      ],
      "break_idx_f1": [
        0.7045394923543753,
        0.7091151023751732,
        0.7101419653127233,
        0.7095872709170067,
        0.7067692549369653,
        0.7070230801329664
      ]
    },
    "train_history": {
      "loss": [
        1.5749075930174194,
        1.4915529498597353,
        1.4472331007754062,
        1.4079158150029865,
        1.3747694968975466,
        1.3518717695271258
      ],
      "boundary_f1": [
        0.8464023095321217,
        0.8698077420723721,
        0.8743954945413874,
        0.8771236180844888,
        0.8786525340118906,
        0.8793356806792612
      ],
      "intonation_f1": [
        0.46782975315090436,
        0.5167121936935093,
        0.5423766207130941,
        0.5618340923640811,
        0.5767119549320819,
        0.5862646929537867
      ],
      "break_idx_f1": [
        0.6873051915944441,
        0.7117543379847522,
        0.7266049312572611,
        0.7400491601263515,
        0.7522367454236114,
        0.7608313875865745
      ]
    }
  },
  "annotation_tool_meta": {}
}