{
  "run_id": "libri+sbc_posonly_stl",
  "run_notes": "libri+sbc_posonly_stl",
  "timestamp": "2026-05-04T02:02:28.327130",
  "data": {
    "n_samples_total": 149251,
    "n_train": 132327,
    "n_val": 16541,
    "n_test": 383,
    "split_seed": 42,
    "train_frac": 0.8,
    "val_frac": 0.1
  },
  "preprocessing": {
    "strip_punctuation": false,
    "train_on_text": false,
    "train_on_pos": true,
    "pos_embedding_dim": null,
    "extra_features": [],
    "max_length": 128
  },
  "model": {
    "base": "distilbert-base-uncased",
    "use_pos_embedding": false
  },
  "training": {
    "batch_size": 16,
    "learning_rate": 2e-05,
    "num_epochs": 6,
    "warmup_steps": 0,
    "weight_decay": 0.01,
    "imbalance_strategy": "none",
    "boundary_loss_weight": 5.0,
    "boundary_task_weight": 1.0,
    "intonation_task_weight": 1.0,
    "break_idx_task_weight": 1.0,
    "best_epoch": 1
  },
  "results": {
    "best_val_boundary_f1": 0.40635133624063513,
    "test": {
      "boundary": {
        "f1": 0.041464728056004305,
        "precision": 1.0,
        "recall": 0.02117129502337091
      },
      "intonation": {
        "f1": 0.2258925483927646,
        "precision": 0.3495271542581846,
        "recall": 0.3341484951350799
      },
      "break_idx": {
        "f1": NaN,
        "precision": NaN,
        "recall": NaN
      }
    },
    "val_history": {
      "loss": [
        1.93667005604886,
        1.9366269990138898,
        1.9335981011390686,
        1.9331900986988724,
        1.9332032212897472,
        1.932800394538754
      ],
      "boundary_f1": [
        0.40635133624063513,
        0.40635133624063513,
        0.40635133624063513,
        0.40635133624063513,
        0.40635133624063513,
        0.40635133624063513
      ],
      "boundary_prec": [
        1.0,
        1.0,
        1.0,
        1.0,
        1.0,
        1.0
      ],
      "boundary_rec": [
        0.25498175694639347,
        0.25498175694639347,
        0.25498175694639347,
        0.25498175694639347,
        0.25498175694639347,
        0.25498175694639347
      ],
      "intonation_f1": [
        0.40271261081413123,
        0.4020354182877619,
        0.40145483493276535,
        0.34825829321983043,
        0.40271261081413123,
        0.4024804524012777
      ],
      "break_idx_f1": [
        0.6023537509615509,
        0.5903352113679874,
        0.6061633060765379,
        0.6059484869006948,
        0.6061372063817099,
        0.6061847177132953
      ]
    },
    "train_history": {
      "loss": [
        1.942146430784061,
        1.9329961296754223,
        1.9312801891767823,
        1.9298077639552216,
        1.9295198936269846,
        1.9282153190919038
      ],
      "boundary_f1": [
        0.40113399786719506,
        0.40323045683087744,
        0.4033635207522448,
        0.4033511870072124,
        0.4033262302210188,
        0.403321408746068
      ],
      "intonation_f1": [
        0.3778102704826169,
        0.38734209491867894,
        0.3873918335918263,
        0.3923942985263973,
        0.39401914267150334,
        0.3972842880848661
      ],
      "break_idx_f1": [
        0.5996981715617842,
        0.602755774972772,
        0.6040108084994662,
        0.6045617649618205,
        0.6053276582186058,
        0.6058915472137986
      ]
    }
  },
  "annotation_tool_meta": {}
}