{
  "run_id": "run_20260501_170245_5177dcae",
  "run_notes": "no_punct_combined_136k_standard",
  "timestamp": "2026-05-01T21:14:38.589140",
  "data": {
    "n_samples_total": 138165,
    "n_train": 110532,
    "n_val": 13816,
    "n_test": 13817,
    "split_seed": 42,
    "train_frac": 0.8,
    "val_frac": 0.1
  },
  "preprocessing": {
    "strip_punctuation": true,
    "extra_features": [],
    "max_length": 128
  },
  "model": {
    "base": "distilbert-base-uncased"
  },
  "training": {
    "batch_size": 16,
    "learning_rate": 2e-05,
    "num_epochs": 8,
    "warmup_steps": 0,
    "weight_decay": 0.01,
    "imbalance_strategy": "none",
    "boundary_loss_weight": 5.0,
    "boundary_task_weight": 1.0,
    "intonation_task_weight": 1.0,
    "break_idx_task_weight": 1.0,
    "best_epoch": 2
  },
  "results": {
    "best_val_boundary_f1": 0.8865164629149407,
    "test": {
      "boundary": {
        "f1": 0.8868437755009521,
        "precision": 0.9044965899895966,
        "recall": 0.8698668208195299
      },
      "intonation": {
        "f1": 0.37684170423445273,
        "precision": 0.40046677538833664,
        "recall": 0.39872378690243604
      },
      "break_idx": {
        "f1": 0.7124944427497455,
        "precision": 0.7134237206310959,
        "recall": 0.7124285056042801
      }
    },
    "val_history": {
      "loss": [
        1.528166171025347,
        1.5114298116553713,
        1.5324557390477922,
        1.5757363925653476,
        1.6785898666690897,
        1.7578829104011808,
        1.8325932213553675,
        1.8961068020650633
      ],
      "boundary_f1": [
        0.8851497826550899,
        0.8865164629149407,
        0.8852588562010341,
        0.8857799495727068,
        0.8857804166247358,
        0.8854992473657802,
        0.8847778001206515,
        0.8844373557000569
      ],
      "boundary_prec": [
        0.9039021816429997,
        0.9047684516853418,
        0.9087938067865752,
        0.8982260838084895,
        0.9003068530514832,
        0.8974167740185776,
        0.8984481350394773,
        0.8966281462719645
      ],
      "boundary_rec": [
        0.8671596461111845,
        0.8689863110172102,
        0.8629121000044015,
        0.8736740173423126,
        0.8717153043707909,
        0.8738940974514723,
        0.8715172322725472,
        0.8725736167965139
      ],
      "intonation_f1": [
        0.3525755539494126,
        0.3702690501578705,
        0.38313137235583,
        0.3906218414322382,
        0.3936502004266389,
        0.4083915768680511,
        0.408998873902509,
        0.4110907235336665
      ],
      "break_idx_f1": [
        0.6947388976369561,
        0.7057609345518878,
        0.704957559506928,
        0.6990649107957471,
        0.6945977662147971,
        0.6917566982824894,
        0.6910951429470003,
        0.6872600224188743
      ]
    },
    "train_history": {
      "loss": [
        1.560226193142448,
        1.4743492723477527,
        1.398198880849414,
        1.3089187852051587,
        1.2146006099980031,
        1.1300902465332225,
        1.0586188770976213,
        1.0075465452569252
      ],
      "boundary_f1": [
        0.8697702110087722,
        0.8865076197489502,
        0.891423190164619,
        0.8942039487120663,
        0.8960844720774719,
        0.8976480446927374,
        0.8989814841947948,
        0.8993758095493323
      ],
      "intonation_f1": [
        0.3397210607012957,
        0.37926126651956554,
        0.40981317536566797,
        0.4490695245188147,
        0.4934426415632618,
        0.5387829446286698,
        0.5752830139800847,
        0.6028457407557686
      ],
      "break_idx_f1": [
        0.6909357145737096,
        0.7227365088285634,
        0.7524198945878445,
        0.7835403309337471,
        0.8132732929182785,
        0.8351484776437406,
        0.8520531496385806,
        0.8629404743694564
      ]
    }
  },
  "annotation_tool_meta": {}
}