{
  "run_id": "sbcsae_weighted",
  "run_notes": "sbcsae_weighted",
  "timestamp": "2026-05-03T20:42:50.274966",
  "data": {
    "n_samples_total": 4140,
    "n_train": 3339,
    "n_val": 418,
    "n_test": 383,
    "split_seed": 42,
    "train_frac": 0.8,
    "val_frac": 0.1
  },
  "preprocessing": {
    "strip_punctuation": true,
    "extra_features": [],
    "max_length": 128
  },
  "model": {
    "base": "distilbert-base-uncased"
  },
  "training": {
    "batch_size": 16,
    "learning_rate": 2e-05,
    "num_epochs": 10,
    "warmup_steps": 0,
    "weight_decay": 0.01,
    "imbalance_strategy": "weighted_loss",
    "boundary_loss_weight": 4.0,
    "boundary_task_weight": 1.0,
    "intonation_task_weight": 1.0,
    "break_idx_task_weight": 1.0,
    "best_epoch": 7
  },
  "results": {
    "best_val_boundary_f1": 0.8388025574797815,
    "test": {
      "boundary": {
        "f1": 0.8331802314899871,
        "precision": 0.7727040381666382,
        "recall": 0.903926649392067
      },
      "intonation": {
        "f1": 0.596479372898857,
        "precision": 0.6452888134299449,
        "recall": 0.5786412332185263
      },
      "break_idx": {
        "f1": NaN,
        "precision": NaN,
        "recall": NaN
      }
    },
    "val_history": {
      "loss": [
        0.8444313914687546,
        0.7906478797947919,
        0.7587906740329884,
        0.7403740860797741,
        0.7443651137528596,
        0.7343618759402523,
        0.7269601049246611,
        0.7342613361499928,
        0.725089845833955,
        0.7284634002932796
      ],
      "boundary_f1": [
        0.80840411998851,
        0.8220240080026675,
        0.812613558363952,
        0.8251239669421487,
        0.8284161168513217,
        0.8311753195386985,
        0.8388025574797815,
        0.8337162190384696,
        0.8344481605351171,
        0.8382278481012658
      ],
      "boundary_prec": [
        0.7185585059819084,
        0.7397044482784487,
        0.7133843754430739,
        0.7374252160425437,
        0.742818871855931,
        0.7472675550232071,
        0.7645106514356282,
        0.7515060240963856,
        0.7526962817708727,
        0.7617915484316282
      ],
      "boundary_rec": [
        0.9239283369289936,
        0.9249601350717569,
        0.9439077009661383,
        0.9364975143044743,
        0.9363099146421536,
        0.9363099146421536,
        0.9290873276428102,
        0.936122314979833,
        0.936122314979833,
        0.9317137229152987
      ],
      "intonation_f1": [
        0.4887359403190385,
        0.5669898844623845,
        0.6199554269526302,
        0.6512876736998341,
        0.6705718545592664,
        0.6739188892725014,
        0.6806570395291209,
        0.6902955533246754,
        0.6873661328913561,
        0.6891843707811036
      ],
      "break_idx_f1": [
        NaN,
        NaN,
        NaN,
        NaN,
        NaN,
        NaN,
        NaN,
        NaN,
        NaN,
        NaN
      ]
    },
    "train_history": {
      "loss": [
        0.9921753517748636,
        0.821025755987213,
        0.7518231224215202,
        0.6925574572462785,
        0.6420099045100965,
        0.6007943652463301,
        0.5606239100107165,
        0.5300828184237321,
        0.5082486290395545,
        0.49468066418570195
      ],
      "boundary_f1": [
        0.7279216077188561,
        0.8073533294072254,
        0.8209820285699657,
        0.8288137249355872,
        0.8335388409371147,
        0.8382236443560789,
        0.8408982520165053,
        0.8429195504871797,
        0.8463391663154389,
        0.8457430227967
      ],
      "intonation_f1": [
        0.4647535233839209,
        0.5157070432098944,
        0.6081655371115119,
        0.6566307079067749,
        0.6901792264648373,
        0.7184668910061259,
        0.7464429703040381,
        0.7627110437177325,
        0.7767404984215226,
        0.7844008718793308
      ],
      "break_idx_f1": [
        NaN,
        NaN,
        NaN,
        NaN,
        NaN,
        NaN,
        NaN,
        NaN,
        NaN,
        NaN
      ]
    }
  },
  "annotation_tool_meta": {}
}