{
  "run_id": "run_20260503_051710_44729d02",
  "run_notes": "np_libritts_stloss_v2",
  "timestamp": "2026-05-03T08:26:16.599672",
  "data": {
    "n_samples_total": 145111,
    "n_train": 116088,
    "n_val": 14511,
    "n_test": 14512,
    "split_seed": 42,
    "train_frac": 0.8,
    "val_frac": 0.1
  },
  "preprocessing": {
    "strip_punctuation": true,
    "extra_features": [],
    "max_length": 128
  },
  "model": {
    "base": "distilbert-base-uncased"
  },
  "training": {
    "batch_size": 16,
    "learning_rate": 2e-05,
    "num_epochs": 6,
    "warmup_steps": 0,
    "weight_decay": 0.01,
    "imbalance_strategy": "none",
    "boundary_loss_weight": 5.0,
    "boundary_task_weight": 1.0,
    "intonation_task_weight": 1.0,
    "break_idx_task_weight": 1.0,
    "best_epoch": 3
  },
  "results": {
    "best_val_boundary_f1": 0.8870943812127763,
    "test": {
      "boundary": {
        "f1": 0.8852532833020638,
        "precision": 0.9011655825730126,
        "recall": 0.8698931754493163
      },
      "intonation": {
        "f1": 0.38837189479960194,
        "precision": 0.4250158665728989,
        "recall": 0.40856350084809695
      },
      "break_idx": {
        "f1": 0.706056260076803,
        "precision": 0.7060983083658301,
        "recall": 0.7060285277181904
      }
    },
    "val_history": {
      "loss": [
        1.5198753253364774,
        1.5071179472493232,
        1.5269409059295318,
        1.572048989651353,
        1.62780510781224,
        1.6827210768186533
      ],
      "boundary_f1": [
        0.8865625357711479,
        0.8863607338980887,
        0.8870943812127763,
        0.8864784860978961,
        0.8863013698630137,
        0.8855450988685629
      ],
      "boundary_prec": [
        0.8855212555867373,
        0.9058339859044636,
        0.9026094457623464,
        0.8997381861882484,
        0.8965421676473097,
        0.898986646056078
      ],
      "boundary_rec": [
        0.8876062677112853,
        0.8677071178529755,
        0.8721036839473245,
        0.8736039339889982,
        0.87629188198033,
        0.8724995832638773
      ],
      "intonation_f1": [
        0.3682220117243466,
        0.3850547533073018,
        0.38719795145646335,
        0.3966109153421351,
        0.3976925837856414,
        0.4022510316434249
      ],
      "break_idx_f1": [
        0.6995400045804605,
        0.7062331315124404,
        0.7028308394986765,
        0.6985796323356877,
        0.695311764287821,
        0.6934535299956506
      ]
    },
    "train_history": {
      "loss": [
        1.559426834459736,
        1.474208418415426,
        1.4010590345012446,
        1.3217841135758943,
        1.246555627452039,
        1.190036374816821
      ],
      "boundary_f1": [
        0.8694740741138388,
        0.8863592122981747,
        0.8910088667460438,
        0.8933294893988449,
        0.8955819987094136,
        0.8964145065616136
      ],
      "intonation_f1": [
        0.33919908442513935,
        0.3790247250264472,
        0.40796003889115395,
        0.43843251457412075,
        0.4720970370619198,
        0.4988968206649393
      ],
      "break_idx_f1": [
        0.6915196192815799,
        0.7234434027485745,
        0.750934252877709,
        0.7799109330481008,
        0.8036754198343989,
        0.8202315314681041
      ]
    }
  },
  "annotation_tool_meta": {}
}