{
  "run_id": "libri_sbc_bu_stl_pp",
  "run_notes": "libri_sbc_bu_stl_pp",
  "timestamp": "2026-06-10T23:51:21.414733",
  "data": {
    "datasets": [
      "libri",
      "sbc",
      "bu"
    ],
    "n_samples_train_pool": 149294,
    "n_train": 132705,
    "n_val": 16589,
    "n_test": 383,
    "split_mode": "fixed_sbc_holdout",
    "split_seed": 42,
    "train_frac": 0.8,
    "val_frac": 0.1
  },
  "preprocessing": {
    "strip_punctuation": false,
    "extra_features": [],
    "max_length": 128
  },
  "model": {
    "base": "distilbert-base-uncased"
  },
  "training": {
    "batch_size": 16,
    "learning_rate": 2e-05,
    "num_epochs": 10,
    "warmup_steps": 0,
    "weight_decay": 0.01,
    "imbalance_strategy": "none",
    "boundary_loss_weight": 5.0,
    "boundary_task_weight": 1.0,
    "intonation_task_weight": 1.0,
    "break_idx_task_weight": 1.0,
    "best_epoch": 3
  },
  "results": {
    "best_val_boundary_f1": 0.8799598506947712,
    "test": {
      "boundary": {
        "f1": 0.8398214471088965,
        "precision": 0.8762998266897747,
        "recall": 0.8062587203508073
      },
      "intonation": {
        "f1": 0.592291307191377,
        "precision": 0.6808995798751658,
        "recall": 0.5715127944744379
      },
      "break_idx": {
        "f1": NaN,
        "precision": NaN,
        "recall": NaN
      }
    },
    "val_history": {
      "loss": [
        1.493457371956357,
        1.486186726573808,
        1.4931231156609441,
        1.5410621299003335,
        1.6183724725257924,
        1.709863012988864,
        1.7738926331355465,
        1.8873121203888807,
        1.9672707740573092,
        2.030869852726347
      ],
      "boundary_f1": [
        0.8760642285083047,
        0.8777720392515196,
        0.8799598506947712,
        0.8794167397569227,
        0.8794906134724279,
        0.8791267305644302,
        0.8789712794554572,
        0.8787437571430808,
        0.8783571787148594,
        0.8789258043541274
      ],
      "boundary_prec": [
        0.895545983964897,
        0.903893043577869,
        0.8937525884864125,
        0.8919618745035742,
        0.8921302254635588,
        0.8916102798691191,
        0.894910371318822,
        0.8909206349206349,
        0.8923846864938957,
        0.8918016628777642
      ],
      "boundary_rec": [
        0.8574120408982794,
        0.8531183393568714,
        0.8665863528248849,
        0.8672195965773948,
        0.8672041516078214,
        0.8669879220337936,
        0.8635900287276435,
        0.8668952522163531,
        0.8647638464152225,
        0.8664164581595775
      ],
      "intonation_f1": [
        0.5279103618223054,
        0.539330325953669,
        0.5530216250698593,
        0.5678675553413749,
        0.5624831410465563,
        0.5631624586223647,
        0.5555819835969996,
        0.5611133484606456,
        0.5551240098762354,
        0.5554136877605659
      ],
      "break_idx_f1": [
        0.7021034979889835,
        0.6935984582716808,
        0.7041272604365771,
        0.6980267416051769,
        0.6943072312876473,
        0.6906953490925272,
        0.6857377407468885,
        0.6837783625800931,
        0.6834598724169015,
        0.6824338300440002
      ]
    },
    "train_history": {
      "loss": [
        1.548050900278787,
        1.45232178947881,
        1.3719686997590688,
        1.2827285614051036,
        1.1866314126613127,
        1.093457386671886,
        1.012235000846327,
        0.9429158220490897,
        0.8875352398288616,
        0.8480670608728316
      ],
      "boundary_f1": [
        0.8595616349401274,
        0.8774922570893783,
        0.8831546113623558,
        0.8861378527331646,
        0.8884609856606478,
        0.8898742296764445,
        0.8914184226985394,
        0.8921395792183799,
        0.8929763980086987,
        0.8936640309795616
      ],
      "intonation_f1": [
        0.48967543952975684,
        0.5420196072708696,
        0.5777329040538276,
        0.6102158620898684,
        0.641768994893379,
        0.670317929462847,
        0.6968364784677638,
        0.7189530928712747,
        0.737585514559857,
        0.7501364411755701
      ],
      "break_idx_f1": [
        0.6931681791065818,
        0.7235330113580608,
        0.7523265989240999,
        0.7844234780118935,
        0.8155373589393751,
        0.8413193799908469,
        0.861149611729868,
        0.8785527114952512,
        0.8900144360758999,
        0.8982246336537326
      ]
    }
  }
}