{
  "run_id": "libri_sbc_bu_weighted",
  "run_notes": "libri_sbc_bu_weighted",
  "timestamp": "2026-06-10T22:56:27.717637",
  "data": {
    "datasets": [
      "libri",
      "sbc",
      "bu"
    ],
    "n_samples_train_pool": 149294,
    "n_train": 132705,
    "n_val": 16589,
    "n_test": 383,
    "split_mode": "fixed_sbc_holdout",
    "split_seed": 42,
    "train_frac": 0.8,
    "val_frac": 0.1
  },
  "preprocessing": {
    "strip_punctuation": true,
    "extra_features": [],
    "max_length": 128
  },
  "model": {
    "base": "distilbert-base-uncased"
  },
  "training": {
    "batch_size": 16,
    "learning_rate": 2e-05,
    "num_epochs": 10,
    "warmup_steps": 0,
    "weight_decay": 0.01,
    "imbalance_strategy": "weighted_loss",
    "boundary_loss_weight": 4.0,
    "boundary_task_weight": 1.0,
    "intonation_task_weight": 1.0,
    "break_idx_task_weight": 1.0,
    "best_epoch": 3
  },
  "results": {
    "best_val_boundary_f1": 0.8614355602576027,
    "test": {
      "boundary": {
        "f1": 0.8283487402573863,
        "precision": 0.7595147083264085,
        "recall": 0.9109029300378713
      },
      "intonation": {
        "f1": 0.6154627430839953,
        "precision": 0.6460807154804821,
        "recall": 0.6010293397217069
      },
      "break_idx": {
        "f1": NaN,
        "precision": NaN,
        "recall": NaN
      }
    },
    "val_history": {
      "loss": [
        1.5296774746252002,
        1.5086213789427636,
        1.5170738518870326,
        1.5674231353583192,
        1.6252812052876648,
        1.718911303618605,
        1.850608889024306,
        1.9046813067957657,
        1.989119978052211,
        2.0669378396285305
      ],
      "boundary_f1": [
        0.8601245173882691,
        0.8598023670649527,
        0.8614355602576027,
        0.8565602300774191,
        0.8586425901984471,
        0.860297668077371,
        0.8604586784778859,
        0.8599869451697127,
        0.8596178813914055,
        0.8610656146297694
      ],
      "boundary_prec": [
        0.7982045586757629,
        0.7936256958419361,
        0.7972164907807756,
        0.7862315566628371,
        0.7912451336536334,
        0.7962067243237559,
        0.7960912565506915,
        0.7953620829943043,
        0.7949872055639394,
        0.7988636363636363
      ],
      "boundary_rec": [
        0.9324591480554784,
        0.9380193371019059,
        0.9369072992926204,
        0.9407067618076792,
        0.9385908009761221,
        0.9356099218484539,
        0.9361504957835233,
        0.9360423809965094,
        0.935687146696321,
        0.9337719704692182
      ],
      "intonation_f1": [
        0.5092101511643087,
        0.5525858157593909,
        0.5524253475089543,
        0.5463576781775177,
        0.5736709679690489,
        0.5662379686725635,
        0.5586119229643898,
        0.5615234098905687,
        0.5581236913556721,
        0.556835253346736
      ],
      "break_idx_f1": [
        0.704233100767286,
        0.7036921814110974,
        0.7081729145243627,
        0.6936926336317623,
        0.6921561796903883,
        0.6848926610173189,
        0.6839589298090827,
        0.6836458425464929,
        0.6807366080747319,
        0.6812252746100136
      ]
    },
    "train_history": {
      "loss": [
        1.5834598522541248,
        1.482780625160521,
        1.4011793754164032,
        1.3097774309088768,
        1.2135808469445826,
        1.1196210194812473,
        1.0357422927404614,
        0.961922817876211,
        0.9061605464916332,
        0.8658828314166963
      ],
      "boundary_f1": [
        0.8339778983971267,
        0.8545040761107973,
        0.8618631455622051,
        0.8669118158931072,
        0.8704698324125864,
        0.8733209968687756,
        0.875472492221286,
        0.8773712695167171,
        0.878475112368903,
        0.8798848155941965
      ],
      "intonation_f1": [
        0.4916627720264777,
        0.5417621385416669,
        0.5770694466426319,
        0.6090123163890664,
        0.6399183398879007,
        0.6697238471882461,
        0.6966744651605397,
        0.7195038412067601,
        0.7386808276885443,
        0.7508150079411121
      ],
      "break_idx_f1": [
        0.6926436520870825,
        0.7211293816174789,
        0.7485386439784586,
        0.7798790894526616,
        0.8109419985874613,
        0.8378056055727148,
        0.8586604760734315,
        0.8751627158884058,
        0.8873004981453538,
        0.8953638901329198
      ]
    }
  }
}