{
  "run_id": "sbc_bu_stl_pp",
  "run_notes": "sbc_bu_stl_pp",
  "timestamp": "2026-06-10T23:52:34.537620",
  "data": {
    "datasets": [
      "sbc",
      "bu"
    ],
    "n_samples_train_pool": 4183,
    "n_train": 3718,
    "n_val": 465,
    "n_test": 383,
    "split_mode": "fixed_sbc_holdout",
    "split_seed": 42,
    "train_frac": 0.8,
    "val_frac": 0.1
  },
  "preprocessing": {
    "strip_punctuation": false,
    "extra_features": [],
    "max_length": 128
  },
  "model": {
    "base": "distilbert-base-uncased"
  },
  "training": {
    "batch_size": 16,
    "learning_rate": 2e-05,
    "num_epochs": 10,
    "warmup_steps": 0,
    "weight_decay": 0.01,
    "imbalance_strategy": "none",
    "boundary_loss_weight": 5.0,
    "boundary_task_weight": 1.0,
    "intonation_task_weight": 1.0,
    "break_idx_task_weight": 1.0,
    "best_epoch": 10
  },
  "results": {
    "best_val_boundary_f1": 0.8334939206239963,
    "test": {
      "boundary": {
        "f1": 0.8321991876351743,
        "precision": 0.8840076207553513,
        "recall": 0.7861271676300579
      },
      "intonation": {
        "f1": 0.5672613669696297,
        "precision": 0.636517132935211,
        "recall": 0.5541642994262806
      },
      "break_idx": {
        "f1": NaN,
        "precision": NaN,
        "recall": NaN
      }
    },
    "val_history": {
      "loss": [
        1.2921411454677583,
        1.2200352112452189,
        1.1988929033279419,
        1.2365097681681314,
        1.2553240140279134,
        1.2616489112377167,
        1.3289401710033417,
        1.3345709184805552,
        1.3553219079971313,
        1.36973042289416
      ],
      "boundary_f1": [
        0.7821566491731855,
        0.8159610616218201,
        0.8207267334074898,
        0.8228996974633466,
        0.8255405655146923,
        0.8302267002518892,
        0.8307734755817162,
        0.8326744506757378,
        0.8333026848105921,
        0.8334939206239963
      ],
      "boundary_prec": [
        0.8720468094502097,
        0.8352133859748073,
        0.8484093522422385,
        0.8545190913484775,
        0.8505331302361006,
        0.8474988312295465,
        0.851687723929851,
        0.8533069530808366,
        0.8540331699962307,
        0.8524636320976068
      ],
      "boundary_rec": [
        0.7090664272890485,
        0.797576301615799,
        0.7947935368043088,
        0.7935368043087971,
        0.8019748653500898,
        0.8136445242369839,
        0.8108617594254938,
        0.813016157989228,
        0.8135547576301616,
        0.8153500897666068
      ],
      "intonation_f1": [
        0.508750139251004,
        0.5339307316400113,
        0.5418992290682636,
        0.571236235441046,
        0.5860364751743231,
        0.6098370580191935,
        0.6333114151163565,
        0.6431806689818914,
        0.645499191221376,
        0.6450496562891691
      ],
      "break_idx_f1": [
        0.6828631435545212,
        0.7598261486059523,
        0.7547706049533089,
        0.7473219831902944,
        0.7508250825082509,
        0.7545268107242897,
        0.7510738261180155,
        0.752229599355809,
        0.7523788973999352,
        0.750206782464847
      ]
    },
    "train_history": {
      "loss": [
        1.4830832087430832,
        1.2161953500412053,
        1.0898001879581567,
        1.0042645222639321,
        0.9455976391554902,
        0.8804818870171969,
        0.8501454092913943,
        0.7969045009735828,
        0.7821793341329681,
        0.7655211027088084
      ],
      "boundary_f1": [
        0.7035283729258391,
        0.8059272063548022,
        0.8186704192875672,
        0.8263216249528644,
        0.8320406480811615,
        0.8365448765747027,
        0.8389882650378674,
        0.8407489813875547,
        0.8423063563737408,
        0.8435540927816586
      ],
      "intonation_f1": [
        0.46302623752921007,
        0.5468502862866159,
        0.5686354628821939,
        0.5869658795946296,
        0.6167462915845205,
        0.6475287715383045,
        0.6576658159661163,
        0.6764104664766643,
        0.6875077718799539,
        0.6964191817030206
      ],
      "break_idx_f1": [
        0.6298297988539754,
        0.7622561625923963,
        0.8255702318280846,
        0.8687864536001606,
        0.9053094292164671,
        0.9164941885233231,
        0.930078199966415,
        0.9398204401210495,
        0.9423694694640016,
        0.9434577512860591
      ]
    }
  }
}