{
  "run_id": "run_20260503_051722_44729d02",
  "run_notes": "librisbc_stloss",
  "timestamp": "2026-05-03T08:56:42.472183",
  "data": {
    "n_samples_total": 149251,
    "n_train": 132327,
    "n_val": 16541,
    "n_test": 383,
    "split_seed": 42,
    "train_frac": 0.8,
    "val_frac": 0.1
  },
  "preprocessing": {
    "strip_punctuation": true,
    "extra_features": [],
    "max_length": 128
  },
  "model": {
    "base": "distilbert-base-uncased"
  },
  "training": {
    "batch_size": 16,
    "learning_rate": 2e-05,
    "num_epochs": 6,
    "warmup_steps": 0,
    "weight_decay": 0.01,
    "imbalance_strategy": "none",
    "boundary_loss_weight": 5.0,
    "boundary_task_weight": 1.0,
    "intonation_task_weight": 1.0,
    "break_idx_task_weight": 1.0,
    "best_epoch": 3
  },
  "results": {
    "best_val_boundary_f1": 0.8795103551348659,
    "test": {
      "boundary": {
        "f1": 0.8225057437551938,
        "precision": 0.846719001610306,
        "recall": 0.7996388176028895
      },
      "intonation": {
        "f1": 0.5737487012247944,
        "precision": 0.6044619869069721,
        "recall": 0.5627998964233286
      },
      "break_idx": {
        "f1": NaN,
        "precision": NaN,
        "recall": NaN
      }
    },
    "val_history": {
      "loss": [
        1.4961250833662612,
        1.4826589279755864,
        1.4935698342046608,
        1.5285745260793882,
        1.5921455914554559,
        1.6223237690312258
      ],
      "boundary_f1": [
        0.8752172902998406,
        0.8783663805859722,
        0.8795103551348659,
        0.879244140656119,
        0.8789264825409979,
        0.8787364968675121
      ],
      "boundary_prec": [
        0.8938850980969679,
        0.8956821036490873,
        0.8863864581839047,
        0.8928582985470667,
        0.892770421212808,
        0.8916622239454596
      ],
      "boundary_rec": [
        0.8573132454488387,
        0.8617074701820464,
        0.8727401129943503,
        0.8660389202762084,
        0.8655053358443189,
        0.8661801632140615
      ],
      "intonation_f1": [
        0.5153771447870549,
        0.5349117206884411,
        0.5447138781213748,
        0.5528288837187768,
        0.5589880113053566,
        0.5571271225583926
      ],
      "break_idx_f1": [
        0.7118104591532748,
        0.711219006425357,
        0.7080957549228062,
        0.7055825539680378,
        0.6991827895995701,
        0.6985268270876821
      ]
    },
    "train_history": {
      "loss": [
        1.5538615631575798,
        1.455938671415251,
        1.3780731145365035,
        1.2963499391097686,
        1.222524945543663,
        1.1665863456424557
      ],
      "boundary_f1": [
        0.8562416453414474,
        0.875675055261028,
        0.8815026646317672,
        0.884781789521241,
        0.8862394710454365,
        0.8872975166113038
      ],
      "intonation_f1": [
        0.4821626487328714,
        0.538752265013629,
        0.5781309686963731,
        0.6097346020246027,
        0.6347744354963084,
        0.6535517658034853
      ],
      "break_idx_f1": [
        0.6920272369365477,
        0.7215602293906973,
        0.7498596078440379,
        0.7783667779627361,
        0.8028240786911289,
        0.8194521874959859
      ]
    }
  },
  "annotation_tool_meta": {}
}